{"Thetas": [0.012796417206297674, 0.3701621920050311, 0.08691086113451951, 0.2812491123266073, 0.272704676545632, 0.17868355146924814], "TrainingLoss": 0.1976336899723071, "ValidationLoss": 0.2852421111342737, "ValidationAccuracy": 43.937728391519556, "TestingLoss": 0.2577875438166817, "TestingAccuracy": 57.300237842359536}