{"TrainingLoss": 0.20112313018017844, "ValidationLoss": 0.29258950519136473, "ValidationAccuracy": 42.49365128942131, "TestingLoss": 0.2540925637952267, "TestingAccuracy": 57.912271945161486}